circuit_type,cnot_count,sq_gate_count,backend,error_rate,timestamp,is_kingston,predicted,residual
bell_state,1,1,ibm_fez,3.32,2026-07-14T16:56:35.498709,0,5.7200548696845,-2.4000548696845
bell_state,1,1,ibm_fez,3.61,2026-07-14T16:56:49.778631,0,5.7200548696845,-2.1100548696845
bell_state,1,1,ibm_fez,4.0,2026-07-14T16:57:51.868181,0,5.7200548696845,-1.7200548696844997
bell_state,1,1,ibm_fez,3.71,2026-07-14T16:58:32.019281,0,5.7200548696845,-2.0100548696844998
bell_state,1,1,ibm_fez,3.61,2026-07-14T17:01:15.449774,0,5.7200548696845,-2.1100548696845
bell_state,1,1,ibm_fez,4.49,2026-07-14T17:01:52.025207,0,5.7200548696845,-1.2300548696844995
bell_state,1,1,ibm_fez,4.88,2026-07-14T17:02:22.763756,0,5.7200548696845,-0.8400548696844998
bell_state,1,1,ibm_fez,4.59,2026-07-14T17:03:03.603842,0,5.7200548696845,-1.1300548696844999
bell_state,1,1,ibm_fez,3.91,2026-07-14T17:03:55.951792,0,5.7200548696845,-1.8100548696844996
bell_state,1,1,ibm_fez,3.52,2026-07-14T17:04:12.611269,0,5.7200548696845,-2.2000548696844997
bell_state,1,1,ibm_fez,3.52,2026-07-14T17:04:32.829001,0,5.7200548696845,-2.2000548696844997
bell_state,1,1,ibm_fez,3.91,2026-07-14T17:04:57.758498,0,5.7200548696845,-1.8100548696844996
bell_state,1,1,ibm_fez,3.61,2026-07-14T17:05:31.364302,0,5.7200548696845,-2.1100548696845
bell_state,1,1,ibm_fez,2.44,2026-07-14T17:05:45.786512,0,5.7200548696845,-3.2800548696844998
bell_state,1,1,ibm_fez,3.91,2026-07-14T17:06:00.826889,0,5.7200548696845,-1.8100548696844996
ghz_state,2,1,ibm_fez,5.76,2026-07-14T17:06:22.931494,0,7.110150891632374,-1.3501508916323743
ghz_state,2,1,ibm_fez,4.88,2026-07-14T17:06:40.466936,0,7.110150891632374,-2.2301508916323742
ghz_state,2,1,ibm_fez,6.15,2026-07-14T17:06:55.883964,0,7.110150891632374,-0.9601508916323738
ghz_state,2,1,ibm_fez,4.98,2026-07-14T17:07:11.475429,0,7.110150891632374,-2.1301508916323737
ghz_state,2,1,ibm_fez,5.57,2026-07-14T17:07:25.938001,0,7.110150891632374,-1.5401508916323738
ghz_state,2,1,ibm_fez,6.64,2026-07-14T17:07:40.299924,0,7.110150891632374,-0.47015089163237445
ghz_state,2,1,ibm_fez,6.35,2026-07-14T17:08:04.398186,0,7.110150891632374,-0.7601508916323745
ghz_state,2,1,ibm_fez,6.05,2026-07-14T17:08:18.161188,0,7.110150891632374,-1.0601508916323743
ghz_state,2,1,ibm_fez,4.2,2026-07-14T17:08:32.597194,0,7.110150891632374,-2.910150891632374
ghz_state,2,1,ibm_fez,4.69,2026-07-14T17:08:55.640250,0,7.110150891632374,-2.4201508916323737
ghz_state,2,1,ibm_fez,5.08,2026-07-14T17:09:17.551872,0,7.110150891632374,-2.030150891632374
ghz_state,2,1,ibm_fez,6.25,2026-07-14T17:09:32.224286,0,7.110150891632374,-0.8601508916323741
ghz_state,2,1,ibm_fez,6.93,2026-07-14T17:09:46.865593,0,7.110150891632374,-0.1801508916323744
ghz_state,2,1,ibm_fez,5.57,2026-07-14T17:10:03.188282,0,7.110150891632374,-1.5401508916323738
ghz_state,2,1,ibm_fez,5.47,2026-07-14T17:10:18.165587,0,7.110150891632374,-1.6401508916323744
ghz_state_4q,3,1,ibm_kingston,4.1,2026-07-15T09:35:56.399009,1,5.00835390946502,-0.9083539094650206
ghz_state_4q,3,1,ibm_kingston,4.1,2026-07-15T09:36:15.119687,1,5.00835390946502,-0.9083539094650206
ghz_state_4q,3,1,ibm_kingston,5.37,2026-07-15T09:36:31.859574,1,5.00835390946502,0.36164609053497987
ghz_state_4q,3,1,ibm_kingston,5.27,2026-07-15T09:36:49.812173,1,5.00835390946502,0.26164609053497934
ghz_state_4q,3,1,ibm_kingston,5.08,2026-07-15T09:37:06.961077,1,5.00835390946502,0.07164609053497983
ghz_state_4q,3,1,ibm_kingston,5.47,2026-07-15T09:37:23.279691,1,5.00835390946502,0.4616460905349795
ghz_state_4q,3,1,ibm_kingston,4.39,2026-07-15T09:37:55.744207,1,5.00835390946502,-0.6183539094650206
ghz_state_4q,3,1,ibm_kingston,3.91,2026-07-15T09:39:12.523942,1,5.00835390946502,-1.09835390946502
ghz_state_4q,3,1,ibm_kingston,4.3,2026-07-15T09:40:09.449855,1,5.00835390946502,-0.7083539094650204
ghz_state_4q,3,1,ibm_kingston,4.3,2026-07-15T09:40:23.609109,1,5.00835390946502,-0.7083539094650204
ghz_state_4q,3,1,ibm_kingston,5.08,2026-07-15T09:40:37.912181,1,5.00835390946502,0.07164609053497983
ghz_state_4q,3,1,ibm_kingston,6.25,2026-07-15T09:41:14.215378,1,5.00835390946502,1.2416460905349798
ghz_state_4q,3,1,ibm_kingston,5.86,2026-07-15T09:41:30.213724,1,5.00835390946502,0.8516460905349801
ghz_state_4q,3,1,ibm_kingston,4.3,2026-07-15T09:42:04.666827,1,5.00835390946502,-0.7083539094650204
ghz_state_4q,3,1,ibm_kingston,6.25,2026-07-15T09:42:18.650231,1,5.00835390946502,1.2416460905349798
ghz_state_5q,4,1,ibm_kingston,7.03,2026-07-15T09:43:02.167004,1,6.3984499314128955,0.6315500685871047
ghz_state_5q,4,1,ibm_kingston,6.25,2026-07-15T09:43:17.438362,1,6.3984499314128955,-0.14844993141289553
ghz_state_5q,4,1,ibm_kingston,6.05,2026-07-15T09:43:32.144776,1,6.3984499314128955,-0.3484499314128957
ghz_state_5q,4,1,ibm_kingston,7.13,2026-07-15T09:43:47.737914,1,6.3984499314128955,0.7315500685871044
ghz_state_5q,4,1,ibm_kingston,6.15,2026-07-15T09:44:15.433128,1,6.3984499314128955,-0.24844993141289518
ghz_state_5q,4,1,ibm_kingston,5.76,2026-07-15T09:44:31.595491,1,6.3984499314128955,-0.6384499314128957
ghz_state_5q,4,1,ibm_kingston,6.54,2026-07-15T09:45:04.975070,1,6.3984499314128955,0.1415500685871045
ghz_state_5q,4,1,ibm_kingston,6.64,2026-07-15T09:45:27.828107,1,6.3984499314128955,0.24155006858710415
ghz_state_5q,4,1,ibm_kingston,6.15,2026-07-15T09:46:03.108687,1,6.3984499314128955,-0.24844993141289518
ghz_state_5q,4,1,ibm_kingston,5.47,2026-07-15T09:46:36.412104,1,6.3984499314128955,-0.9284499314128958
ghz_state_5q,4,1,ibm_kingston,6.84,2026-07-15T09:47:07.350349,1,6.3984499314128955,0.4415500685871043
ghz_state_5q,4,1,ibm_kingston,6.45,2026-07-15T09:47:42.632217,1,6.3984499314128955,0.05155006858710465
ghz_state_5q,4,1,ibm_kingston,6.15,2026-07-15T09:48:17.189989,1,6.3984499314128955,-0.24844993141289518
ghz_state_5q,4,1,ibm_kingston,6.64,2026-07-15T09:48:47.341757,1,6.3984499314128955,0.24155006858710415
ghz_state_5q,4,1,ibm_kingston,6.64,2026-07-15T09:49:06.740971,1,6.3984499314128955,0.24155006858710415
gate_stress_0_v2,1,1,ibm_fez,5.96,2026-07-17T10:31:25.266723,0,5.7200548696845,0.23994513031550024
gate_stress_0_v2,1,1,ibm_fez,6.25,2026-07-17T10:31:41.853962,0,5.7200548696845,0.5299451303155003
gate_stress_0_v2,1,1,ibm_fez,4.1,2026-07-17T10:31:57.104809,0,5.7200548696845,-1.6200548696845
gate_stress_0_v2,1,1,ibm_fez,5.08,2026-07-17T10:32:12.780255,0,5.7200548696845,-0.6400548696844996
gate_stress_0_v2,1,1,ibm_fez,6.15,2026-07-17T10:32:28.036173,0,5.7200548696845,0.42994513031550063
gate_stress_0_v2,1,1,ibm_fez,6.25,2026-07-17T10:32:43.191551,0,5.7200548696845,0.5299451303155003
gate_stress_0_v2,1,1,ibm_fez,4.59,2026-07-17T10:32:59.148818,0,5.7200548696845,-1.1300548696844999
gate_stress_0_v2,1,1,ibm_fez,4.98,2026-07-17T10:33:14.090073,0,5.7200548696845,-0.7400548696844993
gate_stress_0_v2,1,1,ibm_fez,4.79,2026-07-17T10:33:28.177600,0,5.7200548696845,-0.9300548696844997
gate_stress_0_v2,1,1,ibm_fez,4.79,2026-07-17T10:33:43.301345,0,5.7200548696845,-0.9300548696844997
gate_stress_0_v2,1,1,ibm_fez,3.03,2026-07-17T10:33:58.959192,0,5.7200548696845,-2.6900548696845
gate_stress_0_v2,1,1,ibm_fez,5.57,2026-07-17T10:34:18.935608,0,5.7200548696845,-0.15005486968449944
gate_stress_0_v2,1,1,ibm_fez,4.79,2026-07-17T10:34:41.565943,0,5.7200548696845,-0.9300548696844997
gate_stress_0_v2,1,1,ibm_fez,5.27,2026-07-17T10:34:57.435217,0,5.7200548696845,-0.45005486968450015
gate_stress_0_v2,1,1,ibm_fez,3.81,2026-07-17T10:35:12.384822,0,5.7200548696845,-1.9100548696844997
gate_stress_4_v2,1,5,ibm_fez,5.96,2026-07-17T10:35:27.442930,0,5.7200548696845,0.23994513031550024
gate_stress_4_v2,1,5,ibm_fez,5.96,2026-07-17T10:35:41.982187,0,5.7200548696845,0.23994513031550024
gate_stress_4_v2,1,5,ibm_fez,5.96,2026-07-17T10:35:56.919327,0,5.7200548696845,0.23994513031550024
gate_stress_4_v2,1,5,ibm_fez,5.37,2026-07-17T10:36:12.796799,0,5.7200548696845,-0.3500548696844996
gate_stress_4_v2,1,5,ibm_fez,5.86,2026-07-17T10:36:28.014982,0,5.7200548696845,0.1399451303155006
gate_stress_4_v2,1,5,ibm_fez,5.66,2026-07-17T10:36:43.296720,0,5.7200548696845,-0.06005486968449958
gate_stress_4_v2,1,5,ibm_fez,6.15,2026-07-17T10:36:58.577557,0,5.7200548696845,0.42994513031550063
gate_stress_4_v2,1,5,ibm_fez,6.64,2026-07-17T10:37:14.350038,0,5.7200548696845,0.9199451303155
gate_stress_4_v2,1,5,ibm_fez,6.64,2026-07-17T10:37:28.990210,0,5.7200548696845,0.9199451303155
gate_stress_4_v2,1,5,ibm_fez,6.15,2026-07-17T10:37:44.046669,0,5.7200548696845,0.42994513031550063
gate_stress_4_v2,1,5,ibm_fez,6.25,2026-07-17T10:38:07.697778,0,5.7200548696845,0.5299451303155003
gate_stress_4_v2,1,5,ibm_fez,6.74,2026-07-17T10:38:22.750459,0,5.7200548696845,1.0199451303155005
gate_stress_4_v2,1,5,ibm_fez,6.93,2026-07-17T10:38:44.966597,0,5.7200548696845,1.2099451303155
gate_stress_4_v2,1,5,ibm_fez,5.57,2026-07-17T10:39:01.119662,0,5.7200548696845,-0.15005486968449944
gate_stress_4_v2,1,5,ibm_fez,5.37,2026-07-17T10:39:20.811285,0,5.7200548696845,-0.3500548696844996
gate_stress_8_v2,1,9,ibm_fez,5.96,2026-07-17T10:39:35.967676,0,5.7200548696845,0.23994513031550024
gate_stress_8_v2,1,9,ibm_fez,5.96,2026-07-17T10:39:49.886496,0,5.7200548696845,0.23994513031550024
gate_stress_8_v2,1,9,ibm_fez,6.05,2026-07-17T10:40:12.024332,0,5.7200548696845,0.3299451303155001
gate_stress_8_v2,1,9,ibm_fez,6.64,2026-07-17T10:40:27.486557,0,5.7200548696845,0.9199451303155
gate_stress_8_v2,1,9,ibm_fez,5.66,2026-07-17T10:40:43.550923,0,5.7200548696845,-0.06005486968449958
gate_stress_8_v2,1,9,ibm_fez,8.5,2026-07-17T10:40:59.115763,0,5.7200548696845,2.7799451303155003
gate_stress_8_v2,1,9,ibm_fez,8.11,2026-07-17T10:42:05.424294,0,5.7200548696845,2.3899451303154997
gate_stress_8_v2,1,9,ibm_fez,6.64,2026-07-17T10:42:35.086576,0,5.7200548696845,0.9199451303155
gate_stress_8_v2,1,9,ibm_fez,7.13,2026-07-17T10:42:50.745619,0,5.7200548696845,1.4099451303155002
gate_stress_8_v2,1,9,ibm_fez,5.86,2026-07-17T10:43:07.352494,0,5.7200548696845,0.1399451303155006
gate_stress_8_v2,1,9,ibm_fez,8.79,2026-07-17T10:43:23.622696,0,5.7200548696845,3.0699451303154994
gate_stress_8_v2,1,9,ibm_fez,5.96,2026-07-17T10:43:42.581685,0,5.7200548696845,0.23994513031550024
gate_stress_8_v2,1,9,ibm_fez,6.54,2026-07-17T10:43:57.935811,0,5.7200548696845,0.8199451303155003
gate_stress_8_v2,1,9,ibm_fez,7.62,2026-07-17T10:44:13.125252,0,5.7200548696845,1.8999451303155004
gate_stress_8_v2,1,9,ibm_fez,7.42,2026-07-17T10:44:28.655783,0,5.7200548696845,1.6999451303155002
gate_stress_12_v2,1,13,ibm_fez,6.64,2026-07-17T10:44:44.019314,0,5.7200548696845,0.9199451303155
gate_stress_12_v2,1,13,ibm_fez,7.03,2026-07-17T10:44:59.275404,0,5.7200548696845,1.3099451303155005
gate_stress_12_v2,1,13,ibm_fez,10.84,2026-07-17T10:45:14.872539,0,5.7200548696845,5.1199451303155
gate_stress_12_v2,1,13,ibm_fez,7.81,2026-07-17T10:45:29.278108,0,5.7200548696845,2.0899451303155
gate_stress_12_v2,1,13,ibm_fez,6.35,2026-07-17T10:45:48.251976,0,5.7200548696845,0.6299451303154999
gate_stress_12_v2,1,13,ibm_fez,7.62,2026-07-17T10:46:04.521232,0,5.7200548696845,1.8999451303155004
gate_stress_12_v2,1,13,ibm_fez,9.77,2026-07-17T10:46:19.769708,0,5.7200548696845,4.0499451303155
gate_stress_12_v2,1,13,ibm_fez,7.23,2026-07-17T10:46:34.023498,0,5.7200548696845,1.5099451303155007
gate_stress_12_v2,1,13,ibm_fez,6.64,2026-07-17T10:46:48.823518,0,5.7200548696845,0.9199451303155
gate_stress_12_v2,1,13,ibm_fez,9.38,2026-07-17T10:47:10.964930,0,5.7200548696845,3.659945130315501
gate_stress_12_v2,1,13,ibm_fez,6.15,2026-07-17T10:47:26.016542,0,5.7200548696845,0.42994513031550063
gate_stress_12_v2,1,13,ibm_fez,8.98,2026-07-17T10:47:40.723415,0,5.7200548696845,3.2599451303155007
gate_stress_12_v2,1,13,ibm_fez,7.91,2026-07-17T10:47:55.804264,0,5.7200548696845,2.1899451303155004
gate_stress_12_v2,1,13,ibm_fez,6.35,2026-07-17T10:48:11.381269,0,5.7200548696845,0.6299451303154999
gate_stress_12_v2,1,13,ibm_fez,7.62,2026-07-17T10:48:26.739904,0,5.7200548696845,1.8999451303155004
cnot_sweep_1_v2,1,1,ibm_fez,5.96,2026-07-18T12:41:38.025953,0,5.7200548696845,0.23994513031550024
cnot_sweep_1_v2,1,1,ibm_fez,5.47,2026-07-18T12:41:46.258077,0,5.7200548696845,-0.25005486968449997
cnot_sweep_1_v2,1,1,ibm_fez,5.27,2026-07-18T12:41:54.949678,0,5.7200548696845,-0.45005486968450015
cnot_sweep_1_v2,1,1,ibm_fez,6.05,2026-07-18T12:42:02.834935,0,5.7200548696845,0.3299451303155001
cnot_sweep_1_v2,1,1,ibm_fez,5.47,2026-07-18T12:42:11.945372,0,5.7200548696845,-0.25005486968449997
cnot_sweep_1_v2,1,1,ibm_fez,5.08,2026-07-18T12:42:22.307688,0,5.7200548696845,-0.6400548696844996
cnot_sweep_1_v2,1,1,ibm_fez,5.08,2026-07-18T12:43:16.020305,0,5.7200548696845,-0.6400548696844996
cnot_sweep_1_v2,1,1,ibm_fez,5.37,2026-07-18T12:43:42.549092,0,5.7200548696845,-0.3500548696844996
cnot_sweep_1_v2,1,1,ibm_fez,5.57,2026-07-18T12:43:50.457654,0,5.7200548696845,-0.15005486968449944
cnot_sweep_1_v2,1,1,ibm_fez,4.3,2026-07-18T12:43:57.636843,0,5.7200548696845,-1.4200548696845
cnot_sweep_1_v2,1,1,ibm_fez,5.76,2026-07-18T12:44:05.786148,0,5.7200548696845,0.039945130315500066
cnot_sweep_1_v2,1,1,ibm_fez,4.39,2026-07-18T12:44:13.595441,0,5.7200548696845,-1.3300548696845
cnot_sweep_1_v2,1,1,ibm_fez,5.96,2026-07-18T12:44:22.714589,0,5.7200548696845,0.23994513031550024
cnot_sweep_1_v2,1,1,ibm_fez,5.86,2026-07-18T12:44:30.267840,0,5.7200548696845,0.1399451303155006
cnot_sweep_1_v2,1,1,ibm_fez,4.49,2026-07-18T12:44:37.510399,0,5.7200548696845,-1.2300548696844995
cnot_sweep_2_v2,2,1,ibm_fez,7.52,2026-07-18T12:44:44.960455,0,7.110150891632374,0.40984910836762545
cnot_sweep_2_v2,2,1,ibm_fez,7.23,2026-07-18T12:44:52.716076,0,7.110150891632374,0.1198491083676263
cnot_sweep_2_v2,2,1,ibm_fez,6.35,2026-07-18T12:45:03.015010,0,7.110150891632374,-0.7601508916323745
cnot_sweep_2_v2,2,1,ibm_fez,6.25,2026-07-18T12:45:10.860449,0,7.110150891632374,-0.8601508916323741
cnot_sweep_2_v2,2,1,ibm_fez,6.25,2026-07-18T12:45:18.623980,0,7.110150891632374,-0.8601508916323741
cnot_sweep_2_v2,2,1,ibm_fez,5.86,2026-07-18T12:45:26.833039,0,7.110150891632374,-1.2501508916323738
cnot_sweep_2_v2,2,1,ibm_fez,6.64,2026-07-18T12:45:35.736969,0,7.110150891632374,-0.47015089163237445
cnot_sweep_2_v2,2,1,ibm_fez,5.86,2026-07-18T12:45:42.811078,0,7.110150891632374,-1.2501508916323738
cnot_sweep_2_v2,2,1,ibm_fez,7.52,2026-07-18T12:45:52.927426,0,7.110150891632374,0.40984910836762545
cnot_sweep_2_v2,2,1,ibm_fez,5.76,2026-07-18T12:46:00.916561,0,7.110150891632374,-1.3501508916323743
cnot_sweep_2_v2,2,1,ibm_fez,6.05,2026-07-18T12:46:09.930117,0,7.110150891632374,-1.0601508916323743
cnot_sweep_2_v2,2,1,ibm_fez,5.27,2026-07-18T12:46:17.196706,0,7.110150891632374,-1.8401508916323746
cnot_sweep_2_v2,2,1,ibm_fez,6.54,2026-07-18T12:46:25.402665,0,7.110150891632374,-0.5701508916323741
cnot_sweep_2_v2,2,1,ibm_fez,5.76,2026-07-18T12:46:33.182141,0,7.110150891632374,-1.3501508916323743
cnot_sweep_2_v2,2,1,ibm_fez,7.52,2026-07-18T12:46:40.755013,0,7.110150891632374,0.40984910836762545
cnot_sweep_3_v2,3,1,ibm_fez,8.79,2026-07-18T12:46:49.353470,0,8.500246913580249,0.2897530864197506
cnot_sweep_3_v2,3,1,ibm_fez,9.57,2026-07-18T12:46:56.877985,0,8.500246913580249,1.0697530864197518
cnot_sweep_3_v2,3,1,ibm_fez,9.57,2026-07-18T12:47:05.324691,0,8.500246913580249,1.0697530864197518
cnot_sweep_3_v2,3,1,ibm_fez,7.91,2026-07-18T12:47:16.486764,0,8.500246913580249,-0.5902469135802484
cnot_sweep_3_v2,3,1,ibm_fez,9.47,2026-07-18T12:49:55.411861,0,8.500246913580249,0.9697530864197521
cnot_sweep_3_v2,3,1,ibm_fez,10.16,2026-07-18T12:50:03.710829,0,8.500246913580249,1.6597530864197516
cnot_sweep_3_v2,3,1,ibm_fez,8.5,2026-07-18T12:50:11.591633,0,8.500246913580249,-0.00024691358024853116
cnot_sweep_3_v2,3,1,ibm_fez,8.4,2026-07-18T12:50:20.807681,0,8.500246913580249,-0.10024691358024818
cnot_sweep_3_v2,3,1,ibm_fez,10.35,2026-07-18T12:50:28.693496,0,8.500246913580249,1.8497530864197511
cnot_sweep_3_v2,3,1,ibm_fez,10.16,2026-07-18T12:50:35.961865,0,8.500246913580249,1.6597530864197516
cnot_sweep_3_v2,3,1,ibm_fez,10.84,2026-07-18T12:50:43.127516,0,8.500246913580249,2.3397530864197513
cnot_sweep_3_v2,3,1,ibm_fez,7.81,2026-07-18T12:50:52.204959,0,8.500246913580249,-0.6902469135802489
cnot_sweep_3_v2,3,1,ibm_fez,8.11,2026-07-18T12:50:59.719254,0,8.500246913580249,-0.3902469135802491
cnot_sweep_3_v2,3,1,ibm_fez,9.38,2026-07-18T12:51:19.170457,0,8.500246913580249,0.8797530864197523
cnot_sweep_3_v2,3,1,ibm_fez,9.18,2026-07-18T12:51:27.470730,0,8.500246913580249,0.6797530864197512
